,money,wandering_time,reqday_plot
0,41810.933333333334,206.85733333333334,21306
1,43676.90417690418,191.98894348894348,24087
2,42079.48717948718,204.6178266178266,23826
3,41235.91293833132,209.23458282950423,23544
4,40750.22831050228,210.96575342465752,24623
5,39459.80861244019,214.55980861244018,23093
6,40813.945172824795,219.19189511323003,23652
